"scenario","round","arguments","exit_code","wall_seconds","cpu_seconds","average_cpu_cores","sampled_peak_working_set_bytes","connections","segments","responses","submit_rate","deliver_sent","deliver_acked","delivers","deliver_rate","retries","loss_signals","timeouts","closed","exhausted","latency_samples","p50_us","p95_us","p99_us","observed_secs","alloc_enabled","allocations","allocated_bytes","deliver_samples","deliver_p50_us","deliver_p95_us","deliver_p99_us","event_depth_peak_max","first_close_ms","submit_unanswered","deliver_unacked","deliver_unconsumed","pair","variant","binary_sha256"
"nagle-deliver","1","duration=5 window=64 delay_ms=0 parallel=0 deliver_window=32 server_nodelay=0","101","5.0993148","0.015625","0.0030641371660365033","6537216","1","0","0","0","283","252","257","51","0","0","0","1","0","0","0","0","0","5.018","false","0","0","4","450","609","609","257","4.1","0","31","26","1","baseline","48074A55D176E389839DF50792259A2D8817DEC8417899C98999AD2C571B11E3"
"nagle-deliver","1","duration=5 window=64 delay_ms=0 parallel=0 deliver_window=32 server_nodelay=0","101","5.0583696","0","0","7122944","1","0","0","0","437","406","410","82","0","0","0","1","0","0","0","0","0","5.014","false","0","0","6","413","694","694","257","5.3","0","31","27","1","candidate","C6233E45D6D21587AC9B406E67C04C81FECC2D020385670DA2BC3E042C4845B4"
"nagle-deliver","1","duration=5 window=64 delay_ms=0 parallel=0 deliver_window=32 server_nodelay=0","101","5.0447093","0.03125","0.006194608676460307","6606848","1","0","0","0","918","887","897","179","0","0","0","1","0","0","0","0","0","5.007","false","0","0","14","169","482","640","257","7.1","0","31","21","2","candidate","C6233E45D6D21587AC9B406E67C04C81FECC2D020385670DA2BC3E042C4845B4"
"nagle-deliver","1","duration=5 window=64 delay_ms=0 parallel=0 deliver_window=32 server_nodelay=0","101","5.0625066","0","0","6643712","1","0","0","0","601","570","578","116","0","0","0","1","0","0","0","0","0","5.010","false","0","0","9","329","619","619","257","5.2","0","31","23","2","baseline","48074A55D176E389839DF50792259A2D8817DEC8417899C98999AD2C571B11E3"
"nagle-deliver","1","duration=5 window=64 delay_ms=0 parallel=0 deliver_window=32 server_nodelay=0","101","5.0622229","0","0","6553600","1","0","0","0","285","254","257","51","0","0","0","1","0","0","0","0","0","5.012","false","0","0","4","442","599","599","257","4.2","0","31","28","3","baseline","48074A55D176E389839DF50792259A2D8817DEC8417899C98999AD2C571B11E3"
"nagle-deliver","1","duration=5 window=64 delay_ms=0 parallel=0 deliver_window=32 server_nodelay=0","101","5.0758356","0","0","6692864","1","0","0","0","416","384","384","77","0","0","0","1","0","0","0","0","0","5.008","false","0","0","6","546","849","849","258","4.5","0","32","32","3","candidate","C6233E45D6D21587AC9B406E67C04C81FECC2D020385670DA2BC3E042C4845B4"
"nagle-mixed","1","duration=5 window=64 delay_ms=0 deliver_window=32 server_nodelay=0","101","5.105299","0.078125","0.015302727616932917","6860800","1","2591","2528","506","1354","1323","1344","269","0","63","0","1","0","39","447","21965","22510","5.021","false","0","0","21","154","21672","22067","321","16.1","63","31","10","1","baseline","48074A55D176E389839DF50792259A2D8817DEC8417899C98999AD2C571B11E3"
"nagle-mixed","1","duration=5 window=64 delay_ms=0 deliver_window=32 server_nodelay=0","101","5.0897223","0","0","6885376","1","444","387","77","233","202","226","45","0","57","0","1","0","6","22143","22592","22592","5.006","false","0","0","3","452","22228","22228","279","1.9","57","31","7","1","candidate","C6233E45D6D21587AC9B406E67C04C81FECC2D020385670DA2BC3E042C4845B4"
"nagle-mixed","1","duration=5 window=64 delay_ms=0 deliver_window=32 server_nodelay=0","101","5.0928382","0.015625","0.0030680338519295585","6737920","1","333","276","55","192","161","179","36","0","57","0","1","0","4","22444","22797","22797","5.009","false","0","0","2","22212","22212","22212","307","1.6","57","31","13","2","candidate","C6233E45D6D21587AC9B406E67C04C81FECC2D020385670DA2BC3E042C4845B4"
"nagle-mixed","1","duration=5 window=64 delay_ms=0 deliver_window=32 server_nodelay=0","101","5.0713708","0.03125","0.006162042026191419","6782976","1","551","487","97","294","263","283","57","0","64","0","1","0","7","501","22921","22921","5.020","false","0","0","4","23","22467","22467","290","3.2","64","31","11","2","baseline","48074A55D176E389839DF50792259A2D8817DEC8417899C98999AD2C571B11E3"
"nagle-mixed","1","duration=5 window=64 delay_ms=0 deliver_window=32 server_nodelay=0","101","5.0644702","0.015625","0.0030852190620057358","6758400","1","677","621","124","374","343","364","73","0","56","0","1","0","9","625","21729","21729","5.013","false","0","0","5","242","21519","21519","296","3.8","56","31","10","3","baseline","48074A55D176E389839DF50792259A2D8817DEC8417899C98999AD2C571B11E3"
"nagle-mixed","1","duration=5 window=64 delay_ms=0 deliver_window=32 server_nodelay=0","101","5.1007776","0.046875","0.009189775300142472","6934528","1","3321","3260","652","1743","1712","1742","348","0","61","0","1","0","50","452","1189","22771","5.017","false","0","0","27","160","22133","22587","290","19.4","61","31","1","3","candidate","C6233E45D6D21587AC9B406E67C04C81FECC2D020385670DA2BC3E042C4845B4"
"short-c4-w256","1","duration=5 connections=4 window=256 delay_ms=0","0","5.1586909","48","9.304686194708816","9932800","4","1687357","1687357","337471","0","0","0","0","0","0","0","0","0","26363","3036","3661","4236","5.068","false","0","0","0","0","0","0","209","","0","0","0","1","baseline","48074A55D176E389839DF50792259A2D8817DEC8417899C98999AD2C571B11E3"
"short-c4-w256","1","duration=5 connections=4 window=256 delay_ms=0","0","5.1456096","48.6875","9.461949853327388","9723904","4","1764522","1764522","352904","0","0","0","0","0","0","0","0","0","27569","2919","3493","3748","5.058","false","0","0","0","0","0","0","163","","0","0","0","1","candidate","C6233E45D6D21587AC9B406E67C04C81FECC2D020385670DA2BC3E042C4845B4"
"short-c4-w256","1","duration=5 connections=4 window=256 delay_ms=0","0","5.1408006","49.390625","9.60757454782432","9928704","4","1703476","1703476","340695","0","0","0","0","0","0","0","0","0","26615","3023","3569","3855","5.069","false","0","0","0","0","0","0","173","","0","0","0","2","candidate","C6233E45D6D21587AC9B406E67C04C81FECC2D020385670DA2BC3E042C4845B4"
"short-c4-w256","1","duration=5 connections=4 window=256 delay_ms=0","0","5.1540548","49.46875","9.59802561664653","10063872","4","1735273","1735273","347055","0","0","0","0","0","0","0","0","0","27112","2956","3541","3934","5.062","false","0","0","0","0","0","0","168","","0","0","0","2","baseline","48074A55D176E389839DF50792259A2D8817DEC8417899C98999AD2C571B11E3"
"short-c4-w256","1","duration=5 connections=4 window=256 delay_ms=0","0","5.1515376","50.015625","9.708873133334016","9732096","4","1699036","1699036","339807","0","0","0","0","0","0","0","0","0","26546","3022","3623","3968","5.064","false","0","0","0","0","0","0","159","","0","0","0","3","baseline","48074A55D176E389839DF50792259A2D8817DEC8417899C98999AD2C571B11E3"
"short-c4-w256","1","duration=5 connections=4 window=256 delay_ms=0","0","5.156033","48.421875","9.39130432252858","9814016","4","1723367","1723367","344673","0","0","0","0","0","0","0","0","0","26925","2957","3531","3894","5.069","false","0","0","0","0","0","0","161","","0","0","0","3","candidate","C6233E45D6D21587AC9B406E67C04C81FECC2D020385670DA2BC3E042C4845B4"
"short-c1-w256","1","duration=5 connections=1 window=256 delay_ms=0","0","5.1009683","17.390625","3.4092791754851723","7348224","1","640444","640444","128089","0","0","0","0","0","0","0","0","0","10006","1979","2227","2409","5.061","false","0","0","0","0","0","0","77","","0","0","0","1","baseline","48074A55D176E389839DF50792259A2D8817DEC8417899C98999AD2C571B11E3"
"short-c1-w256","1","duration=5 connections=1 window=256 delay_ms=0","0","5.1104641","17.265625","3.3784847446634054","7450624","1","644100","644100","128820","0","0","0","0","0","0","0","0","0","10064","1970","2206","2381","5.073","false","0","0","0","0","0","0","79","","0","0","0","1","candidate","C6233E45D6D21587AC9B406E67C04C81FECC2D020385670DA2BC3E042C4845B4"
"short-c1-w256","1","duration=5 connections=1 window=256 delay_ms=0","0","5.145384","17.9375","3.4861343682026456","7450624","1","645127","645127","129025","0","0","0","0","0","0","0","0","0","10080","1962","2224","2421","5.063","false","0","0","0","0","0","0","80","","0","0","0","2","candidate","C6233E45D6D21587AC9B406E67C04C81FECC2D020385670DA2BC3E042C4845B4"
"short-c1-w256","1","duration=5 connections=1 window=256 delay_ms=0","0","5.1267977","17.046875","3.3250531808579065","7311360","1","642051","642051","128410","0","0","0","0","0","0","0","0","0","10032","1969","2240","2441","5.060","false","0","0","0","0","0","0","80","","0","0","0","2","baseline","48074A55D176E389839DF50792259A2D8817DEC8417899C98999AD2C571B11E3"
"short-c1-w256","1","duration=5 connections=1 window=256 delay_ms=0","0","5.0991716","16.734375","3.281783064527579","7467008","1","639977","639977","127995","0","0","0","0","0","0","0","0","0","9999","1976","2242","2452","5.065","false","0","0","0","0","0","0","118","","0","0","0","3","baseline","48074A55D176E389839DF50792259A2D8817DEC8417899C98999AD2C571B11E3"
"short-c1-w256","1","duration=5 connections=1 window=256 delay_ms=0","0","5.116866","17.796875","3.478081114494693","7274496","1","636958","636958","127392","0","0","0","0","0","0","0","0","0","9952","1989","2236","2446","5.067","false","0","0","0","0","0","0","71","","0","0","0","3","candidate","C6233E45D6D21587AC9B406E67C04C81FECC2D020385670DA2BC3E042C4845B4"
"deliver-default","1","duration=5 window=64 delay_ms=0 parallel=0 deliver_window=32","0","5.0917789","14.609375","2.8692084410813674","7077888","1","0","0","0","619973","619973","619973","123995","0","0","0","0","0","0","0","0","0","5.021","false","0","0","9687","30","203","334","125","","0","0","0","1","baseline","48074A55D176E389839DF50792259A2D8817DEC8417899C98999AD2C571B11E3"
"deliver-default","1","duration=5 window=64 delay_ms=0 parallel=0 deliver_window=32","0","5.0938144","14.390625","2.8251176564265865","7237632","1","0","0","0","625795","625795","625795","125159","0","0","0","0","0","0","0","0","0","5.010","false","0","0","9778","30","214","336","122","","0","0","0","1","candidate","C6233E45D6D21587AC9B406E67C04C81FECC2D020385670DA2BC3E042C4845B4"
"deliver-default","1","duration=5 window=64 delay_ms=0 parallel=0 deliver_window=32","0","5.0926195","14.609375","2.868734842648268","7090176","1","0","0","0","613792","613792","613792","122758","0","0","0","0","0","0","0","0","0","5.020","false","0","0","9590","30","178","304","111","","0","0","0","2","candidate","C6233E45D6D21587AC9B406E67C04C81FECC2D020385670DA2BC3E042C4845B4"
"deliver-default","1","duration=5 window=64 delay_ms=0 parallel=0 deliver_window=32","0","5.1051129","14.375","2.8158045241271745","7049216","1","0","0","0","616120","616120","616120","123224","0","0","0","0","0","0","0","0","0","5.017","false","0","0","9626","30","186","313","107","","0","0","0","2","baseline","48074A55D176E389839DF50792259A2D8817DEC8417899C98999AD2C571B11E3"
"deliver-default","1","duration=5 window=64 delay_ms=0 parallel=0 deliver_window=32","0","5.1111447","14.203125","2.77885402070499","7180288","1","0","0","0","618878","618878","618878","123776","0","0","0","0","0","0","0","0","0","5.014","false","0","0","9669","30","195","328","119","","0","0","0","3","baseline","48074A55D176E389839DF50792259A2D8817DEC8417899C98999AD2C571B11E3"
"deliver-default","1","duration=5 window=64 delay_ms=0 parallel=0 deliver_window=32","0","5.0726812","14.6875","2.895411602053762","7020544","1","0","0","0","614972","614972","614972","122994","0","0","0","0","0","0","0","0","0","5.021","false","0","0","9608","30","196","339","115","","0","0","0","3","candidate","C6233E45D6D21587AC9B406E67C04C81FECC2D020385670DA2BC3E042C4845B4"
