scenario,round,arguments,exit_code,wall_seconds,cpu_seconds,average_cpu_cores,sampled_peak_working_set_bytes,deliver_samples,deliver_p50_us,deliver_p95_us,deliver_p99_us,connections,segments,responses,submit_rate,deliver_sent,deliver_acked,delivers,deliver_rate,retries,loss_signals,timeouts,closed,exhausted,latency_samples,p50_us,p95_us,p99_us,observed_secs,alloc_enabled,allocations,allocated_bytes,event_depth_peak_max
short-c1-w16,1,duration=3 connections=1 window=16 delay_ms=0,0,3.0764722,10.46875,3.4028423855089605,7041024,0,0,0,0,1,368915,368915,122972,0,0,0,0,0,0,0,0,0,5764,127,160,211,3.021,false,0,0,42
short-c1-w16,2,duration=3 connections=1 window=16 delay_ms=0,0,3.0833265,10.15625,3.2939262189716203,6852608,0,0,0,0,1,378490,378490,126163,0,0,0,0,0,0,0,0,0,5913,124,154,223,3.018,false,0,0,40
short-c1-w64,1,duration=3 connections=1 window=64 delay_ms=0,0,3.0884167,10.296875,3.3340303463583787,6959104,0,0,0,0,1,385879,385879,128626,0,0,0,0,0,0,0,0,0,6029,491,580,698,3.018,false,0,0,64
short-c1-w64,2,duration=3 connections=1 window=64 delay_ms=0,0,3.1010179,10.75,3.4666036593984186,7077888,0,0,0,0,1,381409,381409,127136,0,0,0,0,0,0,0,0,0,5959,496,588,738,3.014,false,0,0,64
short-c1-w256,1,duration=3 connections=1 window=256 delay_ms=0,0,3.1412245,10.46875,3.332697169527361,7340032,0,0,0,0,1,385138,385138,128379,0,0,0,0,0,0,0,0,0,6017,1972,2227,2434,3.069,false,0,0,63
short-c1-w256,2,duration=3 connections=1 window=256 delay_ms=0,0,3.1667012,10.65625,3.3650948817021322,7208960,0,0,0,0,1,388713,388713,129571,0,0,0,0,0,0,0,0,0,6073,1963,2165,2321,3.067,false,0,0,69
short-c4-w64,1,duration=3 connections=4 window=64 delay_ms=0,0,3.1097402,28.828125,9.270267979299364,8540160,0,0,0,0,4,1016687,1016687,338896,0,0,0,0,0,0,0,0,0,15884,750,950,1196,3.018,false,0,0,64
short-c4-w64,2,duration=3 connections=4 window=64 delay_ms=0,0,3.1013931,29.234375,9.426207532350542,8507392,0,0,0,0,4,1006886,1006886,335629,0,0,0,0,0,0,0,0,0,15732,758,951,1175,3.060,false,0,0,64
short-c4-w256,1,duration=3 connections=4 window=256 delay_ms=0,0,3.2042876,28.6875,8.95284805271537,9326592,0,0,0,0,4,963593,963593,321198,0,0,0,0,0,0,0,0,0,15054,3205,3690,4028,3.069,false,0,0,125
short-c4-w256,2,duration=3 connections=4 window=256 delay_ms=0,101,3.1612139,27.28125,8.629991788913747,9666560,0,0,0,0,4,946305,945955,315318,0,0,0,0,0,414,0,2,0,14779,3122,3679,5268,3.069,false,0,0,511
rtt50-c1-w64,1,duration=3 connections=1 window=64 delay_ms=50,0,3.2156321,0.5625,0.17492672746984955,6938624,0,0,0,0,1,3080,3080,1027,0,0,0,0,0,0,0,0,0,48,62547,63950,67138,3.133,false,0,0,44
rtt50-c1-w64,2,duration=3 connections=1 window=64 delay_ms=50,0,3.2606608,0.046875,0.014375920365589698,6901760,0,0,0,0,1,3080,3080,1027,0,0,0,0,0,0,0,0,0,48,62384,63871,64080,3.132,false,0,0,58
rtt50-c1-w256,1,duration=3 connections=1 window=256 delay_ms=50,0,3.2276247,0.0625,0.019364085297773313,7462912,0,0,0,0,1,12296,12296,4099,0,0,0,0,0,0,0,0,0,192,62324,64372,65104,3.142,false,0,0,154
rtt50-c1-w256,2,duration=3 connections=1 window=256 delay_ms=50,0,3.2567351,0.1875,0.05757299695636897,7380992,0,0,0,0,1,12552,12552,4184,0,0,0,0,0,0,0,0,0,196,62023,63810,64473,3.186,false,0,0,84
rtt50-c4-w64,1,duration=3 connections=4 window=64 delay_ms=50,0,3.2820947,0.015625,0.004760679208921059,8503296,0,0,0,0,4,12574,12574,4191,0,0,0,0,0,0,0,0,0,196,62149,63535,64384,3.188,false,0,0,64
rtt50-c4-w64,2,duration=3 connections=4 window=64 delay_ms=50,0,3.178402,0.203125,0.06390790088855972,8671232,0,0,0,0,4,12320,12320,4107,0,0,0,0,0,0,0,0,0,192,62366,63303,63990,3.133,false,0,0,64
long-default,1,duration=3 window=256 delay_ms=0 long=1,0,3.210185,0.109375,0.03407124511515691,7372800,0,0,0,0,1,2048,2048,683,0,0,0,0,0,0,0,0,1,24,1883,2162,2222,3.014,false,0,0,42
long-default,2,duration=3 window=256 delay_ms=0 long=1,0,3.0931219,0.0625,0.020206122493911412,7368704,0,0,0,0,1,2048,2048,683,0,0,0,0,0,0,0,0,1,32,2018,9497,9497,3.021,false,0,0,44
long-synthetic,1,duration=3 window=256 delay_ms=0 long=1 udh_cooldown_ms=1,0,3.1147931,10.125,3.2506171918770463,7856128,0,0,0,0,1,349776,349776,116592,0,0,0,0,0,0,0,0,0,5464,1950,2235,2389,3.058,false,0,0,81
long-synthetic,2,duration=3 window=256 delay_ms=0 long=1 udh_cooldown_ms=1,0,3.1487621,9.8125,3.1163040230952985,7847936,0,0,0,0,1,346096,346096,115365,0,0,0,0,0,0,0,0,0,5400,1966,2328,2813,3.068,false,0,0,203
deliver-default,1,duration=3 window=64 delay_ms=0 parallel=0 deliver_window=32,0,3.0779995,8.375,2.720923119058336,6852608,5806,31,192,321,1,0,0,0,371593,371593,371593,123864,0,0,0,0,0,0,0,0,0,3.021,false,0,0,117
deliver-default,2,duration=3 window=64 delay_ms=0 parallel=0 deliver_window=32,0,3.0579494,8.796875,2.8767235324430156,6737920,5906,30,211,336,1,0,0,0,378011,378011,378011,126004,0,0,0,0,0,0,0,0,0,3.021,false,0,0,125
mixed-default,1,duration=3 window=64 delay_ms=0 deliver_window=32,0,3.0966982,9.671875,3.1232862795605976,6987776,2035,45,255,394,1,258087,258087,86029,130292,130292,130292,43431,0,0,0,0,0,4032,770,988,1123,3.013,false,0,0,172
mixed-default,2,duration=3 window=64 delay_ms=0 deliver_window=32,0,3.1342491,9.4375,3.011088046575494,7266304,1998,50,271,374,1,253205,253205,84402,127913,127913,127913,42638,0,0,0,0,0,3956,780,1002,1174,3.060,false,0,0,119
deliver-spool1024,1,duration=3 window=64 delay_ms=0 parallel=0 deliver_window=32 spool_capacity=1024,0,3.0599834,8.609375,2.813536504805876,6836224,5872,29,194,309,1,0,0,0,375817,375817,375817,125272,0,0,0,0,0,0,0,0,0,3.020,false,0,0,119
deliver-spool1024,2,duration=3 window=64 delay_ms=0 parallel=0 deliver_window=32 spool_capacity=1024,0,3.0838347,8.625,2.7968425155861953,6852608,5889,31,203,350,1,0,0,0,376916,376916,376916,125639,0,0,0,0,0,0,0,0,0,3.016,false,0,0,123
mixed-spool1024,1,duration=3 window=64 delay_ms=0 deliver_window=32 spool_capacity=1024,0,3.0680981,9.765625,3.182957220305309,7032832,2019,48,265,383,1,256053,256053,85351,129228,129228,129228,43076,0,0,0,0,0,4000,776,990,1142,3.014,false,0,0,167
mixed-spool1024,2,duration=3 window=64 delay_ms=0 deliver_window=32 spool_capacity=1024,0,3.0817159,9.78125,3.173962272122489,7077888,2034,51,286,409,1,257881,257881,85960,130176,130176,130176,43392,0,0,0,0,0,4029,771,999,1151,3.014,false,0,0,114
nagle-control-w16,1,duration=3 window=16 delay_ms=0 server_nodelay=0,0,3.161611,1.4375,0.4546732662557158,6705152,0,0,0,0,1,82054,82054,27351,0,0,0,0,0,0,0,0,0,1282,79,250,15146,3.076,false,0,0,51
nagle-control-w16,2,duration=3 window=16 delay_ms=0 server_nodelay=0,101,3.0559731,0.40625,0.13293637957742493,6742016,0,0,0,0,1,45526,45522,15174,0,0,0,0,0,4,0,1,0,711,85,1584,15945,3.018,false,0,0,262
alloc-short,1,duration=3 window=256 delay_ms=0 alloc=1 spool_capacity=1024,0,3.1063564,10.421875,3.355015863601485,7094272,0,0,0,0,1,383318,383318,127773,0,0,0,0,0,0,0,0,0,5989,1986,2228,2411,3.068,true,5749908,182870489,102
alloc-short,2,duration=3 window=256 delay_ms=0 alloc=1 spool_capacity=1024,0,3.1401118,10.328125,3.2890946749093453,7196672,0,0,0,0,1,385079,385079,128360,0,0,0,0,0,0,0,0,0,6016,1965,2259,2489,3.070,true,5776322,183700612,72
alloc-long,1,duration=3 window=256 delay_ms=0 long=1 udh_cooldown_ms=1 alloc=1 spool_capacity=1024,0,3.1530667,9.9375,3.151693555991061,7770112,0,0,0,0,1,349976,349976,116659,0,0,0,0,0,0,0,0,0,5464,1951,2281,2469,3.066,true,2624959,405599535,64
alloc-long,2,duration=3 window=256 delay_ms=0 long=1 udh_cooldown_ms=1 alloc=1 spool_capacity=1024,0,3.147097,9.40625,2.9888656117050094,7774208,0,0,0,0,1,351176,351176,117059,0,0,0,0,0,0,0,0,0,5480,1945,2266,2502,3.062,true,2633967,407003423,74
alloc-deliver,1,duration=3 window=64 delay_ms=0 parallel=0 deliver_window=32 alloc=1 spool_capacity=1024,0,3.0800434,8.484375,2.7546283925739488,6832128,5854,33,213,350,1,0,0,0,374693,374693,374693,124898,0,0,0,0,0,0,0,0,0,3.011,true,4496369,235333462,118
alloc-deliver,2,duration=3 window=64 delay_ms=0 parallel=0 deliver_window=32 alloc=1 spool_capacity=1024,0,3.0764148,8.75,2.8442198366748204,6815744,5683,30,187,320,1,0,0,0,363723,363723,363723,121241,0,0,0,0,0,0,0,0,0,3.021,true,4364730,228448512,122
